timestamp,message,logStreamName
1718734006919,"{'EXPERIMENT_NAME': 'FIRST_PI_EXPERIMENT', 'total_average_records': 0, 'goal': 1000, 'current_active_shard_count': 1, 'controller_output': 1, 'timestamp': '2024-06-18T18:06:46.919449'}
",2024/06/18/[$LATEST]dfb3cb0a0c23404585a5b5b9bfbb4281
1718734058264,"{'EXPERIMENT_NAME': 'FIRST_PI_EXPERIMENT', 'total_average_records': 0, 'goal': 1000, 'current_active_shard_count': 1, 'controller_output': 1, 'timestamp': '2024-06-18T18:07:38.264175'}
",2024/06/18/[$LATEST]944999765a554d7b98a3f5ab3c318102
1718734093024,"{'EXPERIMENT_NAME': 'FIRST_PI_EXPERIMENT', 'total_average_records': 0, 'goal': 1000, 'current_active_shard_count': 1, 'controller_output': 1, 'timestamp': '2024-06-18T18:08:13.024769'}
",2024/06/18/[$LATEST]944999765a554d7b98a3f5ab3c318102
1718734097684,"{'EXPERIMENT_NAME': 'FIRST_PI_EXPERIMENT', 'total_average_records': 0, 'goal': 1000, 'current_active_shard_count': 1, 'controller_output': 1, 'timestamp': '2024-06-18T18:08:17.684659'}
",2024/06/18/[$LATEST]944999765a554d7b98a3f5ab3c318102
1718734124479,"{'EXPERIMENT_NAME': 'FIRST_PI_EXPERIMENT', 'total_average_records': 0, 'goal': 1000, 'current_active_shard_count': 1, 'controller_output': 1, 'timestamp': '2024-06-18T18:08:44.479194'}
",2024/06/18/[$LATEST]7c4a2be1bc494e4ba4c8bfd6733ee3e2
1718734470639,"{'EXPERIMENT_NAME': 'FIRST_PI_EXPERIMENT', 'total_average_records': 533, 'goal': 1000, 'current_active_shard_count': 1, 'controller_output': 1, 'timestamp': '2024-06-18T18:14:30.638976'}
",2024/06/18/[$LATEST]cd7ac447959640918ba5863f604c672a
1718734529696,"{'EXPERIMENT_NAME': 'FIRST_PI_EXPERIMENT', 'total_average_records': 750, 'goal': 1000, 'current_active_shard_count': 1, 'controller_output': 1, 'timestamp': '2024-06-18T18:15:29.696488'}
",2024/06/18/[$LATEST]cd7ac447959640918ba5863f604c672a
1718734590016,"{'EXPERIMENT_NAME': 'FIRST_PI_EXPERIMENT', 'total_average_records': 750, 'goal': 1000, 'current_active_shard_count': 1, 'controller_output': 1, 'timestamp': '2024-06-18T18:16:30.015973'}
",2024/06/18/[$LATEST]cd7ac447959640918ba5863f604c672a
1718734649991,"{'EXPERIMENT_NAME': 'FIRST_PI_EXPERIMENT', 'total_average_records': 750, 'goal': 1000, 'current_active_shard_count': 1, 'controller_output': 1, 'timestamp': '2024-06-18T18:17:29.991364'}
",2024/06/18/[$LATEST]cd7ac447959640918ba5863f604c672a
1718734710014,"{'EXPERIMENT_NAME': 'FIRST_PI_EXPERIMENT', 'total_average_records': 750, 'goal': 1000, 'current_active_shard_count': 1, 'controller_output': 1, 'timestamp': '2024-06-18T18:18:30.014876'}
",2024/06/18/[$LATEST]cd7ac447959640918ba5863f604c672a
1718734769934,"{'EXPERIMENT_NAME': 'FIRST_PI_EXPERIMENT', 'total_average_records': 2091, 'goal': 1000, 'current_active_shard_count': 1, 'controller_output': 1, 'timestamp': '2024-06-18T18:19:29.934543'}
",2024/06/18/[$LATEST]cd7ac447959640918ba5863f604c672a
1718734829893,"{'EXPERIMENT_NAME': 'FIRST_PI_EXPERIMENT', 'total_average_records': 2712, 'goal': 1000, 'current_active_shard_count': 1, 'controller_output': 1, 'timestamp': '2024-06-18T18:20:29.893957'}
",2024/06/18/[$LATEST]cd7ac447959640918ba5863f604c672a
1718734889713,"{'EXPERIMENT_NAME': 'FIRST_PI_EXPERIMENT', 'total_average_records': 2704, 'goal': 1000, 'current_active_shard_count': 1, 'controller_output': 1, 'timestamp': '2024-06-18T18:21:29.713396'}
",2024/06/18/[$LATEST]cd7ac447959640918ba5863f604c672a
1718734950376,"{'EXPERIMENT_NAME': 'FIRST_PI_EXPERIMENT', 'total_average_records': 2725, 'goal': 1000, 'current_active_shard_count': 1, 'controller_output': 1, 'timestamp': '2024-06-18T18:22:30.376772'}
",2024/06/18/[$LATEST]a04c6084c2b7450fad7f9bc5aedb6a23
1718735009812,"{'EXPERIMENT_NAME': 'FIRST_PI_EXPERIMENT', 'total_average_records': 2720, 'goal': 1000, 'current_active_shard_count': 1, 'controller_output': 1, 'timestamp': '2024-06-18T18:23:29.812435'}
",2024/06/18/[$LATEST]cd7ac447959640918ba5863f604c672a
1718735069751,"{'EXPERIMENT_NAME': 'FIRST_PI_EXPERIMENT', 'total_average_records': 1587, 'goal': 1000, 'current_active_shard_count': 1, 'controller_output': 1, 'timestamp': '2024-06-18T18:24:29.751818'}
",2024/06/18/[$LATEST]cd7ac447959640918ba5863f604c672a
1718735130064,"{'EXPERIMENT_NAME': 'FIRST_PI_EXPERIMENT', 'total_average_records': 1083, 'goal': 1000, 'current_active_shard_count': 1, 'controller_output': 1, 'timestamp': '2024-06-18T18:25:30.064794'}
",2024/06/18/[$LATEST]a04c6084c2b7450fad7f9bc5aedb6a23
1718735189774,"{'EXPERIMENT_NAME': 'FIRST_PI_EXPERIMENT', 'total_average_records': 1083, 'goal': 1000, 'current_active_shard_count': 1, 'controller_output': 1, 'timestamp': '2024-06-18T18:26:29.774204'}
",2024/06/18/[$LATEST]cd7ac447959640918ba5863f604c672a
1718735249781,"{'EXPERIMENT_NAME': 'FIRST_PI_EXPERIMENT', 'total_average_records': 1091, 'goal': 1000, 'current_active_shard_count': 1, 'controller_output': 1, 'timestamp': '2024-06-18T18:27:29.781374'}
",2024/06/18/[$LATEST]a04c6084c2b7450fad7f9bc5aedb6a23
1718735309709,"{'EXPERIMENT_NAME': 'FIRST_PI_EXPERIMENT', 'total_average_records': 1058, 'goal': 1000, 'current_active_shard_count': 1, 'controller_output': 1, 'timestamp': '2024-06-18T18:28:29.709729'}
",2024/06/18/[$LATEST]cd7ac447959640918ba5863f604c672a
1718735369843,"{'EXPERIMENT_NAME': 'FIRST_PI_EXPERIMENT', 'total_average_records': 1745, 'goal': 1000, 'current_active_shard_count': 1, 'controller_output': 1, 'timestamp': '2024-06-18T18:29:29.843799'}
",2024/06/18/[$LATEST]a04c6084c2b7450fad7f9bc5aedb6a23
1718735429801,"{'EXPERIMENT_NAME': 'FIRST_PI_EXPERIMENT', 'total_average_records': 2091, 'goal': 1000, 'current_active_shard_count': 1, 'controller_output': 1, 'timestamp': '2024-06-18T18:30:29.801797'}
",2024/06/18/[$LATEST]a04c6084c2b7450fad7f9bc5aedb6a23
1718735489845,"{'EXPERIMENT_NAME': 'FIRST_PI_EXPERIMENT', 'total_average_records': 2066, 'goal': 1000, 'current_active_shard_count': 1, 'controller_output': 1, 'timestamp': '2024-06-18T18:31:29.845728'}
",2024/06/18/[$LATEST]a04c6084c2b7450fad7f9bc5aedb6a23
1718735549767,"{'EXPERIMENT_NAME': 'FIRST_PI_EXPERIMENT', 'total_average_records': 2066, 'goal': 1000, 'current_active_shard_count': 1, 'controller_output': 1, 'timestamp': '2024-06-18T18:32:29.767682'}
",2024/06/18/[$LATEST]cd7ac447959640918ba5863f604c672a
1718735610063,"{'EXPERIMENT_NAME': 'FIRST_PI_EXPERIMENT', 'total_average_records': 2095, 'goal': 1000, 'current_active_shard_count': 1, 'controller_output': 1, 'timestamp': '2024-06-18T18:33:30.063966'}
",2024/06/18/[$LATEST]a04c6084c2b7450fad7f9bc5aedb6a23
1718735669726,"{'EXPERIMENT_NAME': 'FIRST_PI_EXPERIMENT', 'total_average_records': 675, 'goal': 1000, 'current_active_shard_count': 1, 'controller_output': 1, 'timestamp': '2024-06-18T18:34:29.726705'}
",2024/06/18/[$LATEST]cd7ac447959640918ba5863f604c672a